step,kNN_accuracy
389,32.4167594909668
1949,33.91660690307617
3899,35.07649230957031
5849,38.30617141723633
7799,40.1259880065918
9749,42.545745849609375
11699,43.65563201904297
13649,45.68543243408203
15599,47.06529235839844
17549,48.68513107299805
19499,49.5350456237793
