step,kNN_accuracy
1949,25.44745445251465
3899,28.637134552001953
5849,33.83661651611328
7799,36.30636978149414
9749,36.86631393432617
