step,kNN_accuracy
484,41.55584716796875
969,43.4256591796875
1454,44.925506591796875
1939,45.53544616699219
2424,46.425357818603516
2909,47.905208587646484
