step,kNN_accuracy
484,34.30656814575195
969,43.1956787109375
1454,46.795318603515625
1939,48.99510192871094
2424,51.564842224121094
2909,53.55464172363281
3394,54.71453094482422
