step,kNN_accuracy
484,34.30656814575195
969,43.1956787109375
1454,46.795318603515625
