step,kNN_accuracy
1949,43.67563247680664
3899,48.265174865722656
5849,51.51484680175781
7799,54.14458465576172
9749,55.27447509765625
