step,kNN_accuracy
1949,41.20587921
3899,49.64503479
5849,53.30467224
7799,57.11429214
9749,62.00379562
