step,kNN_accuracy
1949,54.21458054
3899,60.35396576
5849,64.063591
7799,66.60334015
9749,68.57314301
