step,kNN_accuracy
1949,36.486351013183594
3899,43.54564666748047
5849,49.994998931884766
7799,55.234474182128906
9749,59.784019470214844
11699,63.093692779541016
13649,66.60334014892578
15599,69.58303833007812
17549,69.90300750732422
19499,70.8429183959961
