step,kNN_accuracy
1949,97.9802017211914
389,98.35016632080078
