step,kNN_accuracy
1949,24.777523040771484
3899,29.41705894470215
5849,31.806819915771484
7799,30.766921997070312
9749,31.206878662109375
