step,train_loss
49,nan
49,1707.9852294921875
49,1782.635009765625
99,1674.3172607421875
149,1629.2149658203125
