step,representation_std
49,nan
49,536.4155883789062
99,370.8082580566406
149,344.4923095703125
