step,kNN_accuracy
389,32.41675949
1949,33.9166069
3899,35.07649231
5849,38.30617142
7799,40.12598801
9749,42.54574585
