step,kNN_accuracy
1949,26.767322540283203
3899,29.28706932067871
5849,31.006898880004883
7799,32.54674530029297
9749,32.94670486450195
