step,representation_std
49,0.9919317960739136
99,0.9771514534950256
149,0.962562620639801
199,0.9481930136680603
249,0.934034526348114
299,0.9200930595397949
349,0.906359076499939
