step,correlation
49,715.1817016601562
99,1114.061767578125
149,1281.296142578125
199,1170.33447265625
249,1102.30078125
299,1174.5947265625
349,1167.8515625
