step,train_loss
49,-0.47162050008773804
99,-0.8011200428009033
149,-0.8346056938171387
199,-0.7658791542053223
249,-0.6955810785293579
299,-0.6690598726272583
349,-0.7236334085464478
