step,kNN_accuracy
1949,26.317367553710938
3899,40.60593795776367
5849,45.485450744628906
7799,47.77522277832031
9749,48.96510314941406
