train_loss,epoch
21.84834098815918,0
21.74524688720703,1
21.662330627441406,1
21.30289649963379,2
21.068344116210938,2
20.59972381591797,3
20.621070861816406,3
20.210046768188477,4
20.105457305908203,4
