step,train_loss
49,-0.4463098645210266
99,-0.6446726322174072
149,-0.7384750843048096
199,-0.7004016041755676
249,-0.6864850521087646
299,-0.7588467001914978
349,-0.7121740579605103
