step,representation_std
49,0.9919372200965881
99,0.9771517515182495
149,0.9625658392906189
199,0.948196291923523
249,0.9340400099754333
299,0.9200946092605591
349,0.9063576459884644
