step,correlation
49,604.8720703125
99,722.2904663085938
149,818.177001953125
199,799.129638671875
249,707.537353515625
299,647.8401489257812
349,638.9297485351562
