step,kNN_accuracy
1949,29.917007446289062
3899,39.086090087890625
5849,41.88581085205078
7799,44.465553283691406
9749,45.39546203613281
