train_loss,epoch
21.174741744995117,0
20.354663848876953,1
19.939224243164062,1
19.46135711669922,2
19.36634063720703,2
19.083192825317383,3
19.026498794555664,3
18.910503387451172,4
18.885013580322266,4
