step,kNN_accuracy
1949,34.30656814575195
3899,37.4062614440918
5849,37.11628723144531
7799,37.15628433227539
9749,37.59624099731445
11699,38.496150970458984
13649,37.946205139160156
