step,kNN_accuracy
484,27.177282333374023
969,32.58674240112305
