step,correlation
49,769.2459716796875
99,1005.278564453125
149,1110.105712890625
199,1156.9530029296875
249,1070.759521484375
299,1032.926025390625
349,907.5753173828125
