step,representation_std
49,0.9919375777244568
99,0.9771518707275391
149,0.9625633955001831
199,0.9481960535049438
249,0.934040367603302
299,0.9200965166091919
349,0.9063594341278076
