step,train_loss
49,-0.47213828563690186
99,-0.7312442660331726
149,-0.7293823957443237
199,-0.6465475559234619
249,-0.7675034999847412
299,-0.8068563938140869
349,-0.7396465539932251
