step,kNN_accuracy
29,18.96000099182129
59,19.100000381469727
