step,correlation
49,735.8076171875
99,909.4034423828125
149,863.3853149414062
199,831.388671875
249,826.9156494140625
299,800.587890625
349,726.9541015625
