step,representation_std
49,0.9919388294219971
99,0.977149486541748
149,0.9625609517097473
199,0.9481902718544006
249,0.934036135673523
299,0.9200924634933472
349,0.906356155872345
