step,train_loss
49,-0.4983946681022644
99,-0.5937246084213257
149,-0.5909166932106018
199,-0.5834624767303467
249,-0.6196120977401733
299,-0.617853045463562
349,-0.6195387840270996
