step,correlation
49,27510205054976.0
49,76.07188415527344
99,200.75894165039062
149,364.07012939453125
199,305.99981689453125
249,221.2940673828125
