step,representation_std
49,214.34356689453125
49,0.4394170641899109
99,0.4933866262435913
149,0.5440674424171448
199,0.5184497237205505
249,0.47408902645111084
