step,train_loss
49,2194.7890625
49,-0.7391273975372314
99,-0.7448176145553589
149,-0.7471018433570862
199,-0.7482399344444275
249,-0.748336672782898
