step,train_loss
49,1998.255615234375
99,1773.837890625
149,1718.257080078125
199,1613.3592529296875
249,1665.62548828125
299,1641.76904296875
349,1657.4306640625
399,1618.1644287109375
449,1605.9822998046875
