step,kNN_accuracy
1949,25.987401962280273
3899,28.947105407714844
5849,31.476852416992188
7799,34.276573181152344
9749,34.50654983520508
