step,kNN_accuracy
1949,45.315467834472656
3899,49.22507858276367
5849,52.324764251708984
7799,54.874507904052734
9749,55.91440963745117
