step,train_loss
49,1798.369140625
99,1916.3031005859375
149,2002.9970703125
199,1723.1806640625
249,1673.5345458984375
