train_loss,epoch
21.3101863861084,0
20.83760643005371,1
20.70401382446289,1
20.54775047302246,2
20.669498443603516,2
20.55771827697754,3
20.243295669555664,3
20.139429092407227,4
20.135725021362305,4
20.180294036865234,5
20.05499267578125,5
20.374059677124023,6
20.125364303588867,6
20.018693923950195,7
20.119680404663086,7
19.978031158447266,8
19.673892974853516,8
19.99318504333496,9
19.525924682617188,9
19.931365966796875,10
19.91979217529297,10
