step,kNN_accuracy
1949,54.33456802368164
3899,58.74412536621094
5849,62.78372573852539
7799,65.33346557617188
9749,66.51335144042969
