step,kNN_accuracy
1949,25.93740463256836
3899,37.7662239074707
5849,41.46585464477539
7799,43.12568664550781
9749,43.77561950683594
