step,kNN_accuracy
1949,28.827116012573242
3899,42.795719146728516
5849,47.26527404785156
7799,53.5146484375
9749,59.38405990600586
