step,kNN_accuracy
484,30.526947021484375
969,39.19607925415039
1454,45.26547622680664
484,27.767223358154297
969,34.66653060913086
1454,44.03559494018555
