step,train_loss
49,772.8546752929688
99,661.3846435546875
149,599.2577514648438
199,650.6458129882812
249,546.0059814453125
299,546.6505737304688
349,566.2408447265625
399,541.06689453125
449,550.5505981445312
499,559.598388671875
