step,train_loss
49,-0.8619559407234192
99,-1.2281734943389893
149,-1.1567294597625732
199,-1.031574010848999
249,-1.0202438831329346
299,-1.151185393333435
349,-1.147232174873352
