step,representation_std
49,0.9919347763061523
99,0.9771474003791809
149,0.9625634551048279
199,0.9481875896453857
249,0.9340344667434692
299,0.9200924634933472
349,0.906356692314148
