step,correlation
49,938.5411376953125
99,1260.971923828125
149,1096.6048583984375
199,1002.6154174804688
249,1016.6263427734375
299,1116.774658203125
349,1094.24560546875
