step,kNN_accuracy
1949,31.746826171875
3899,42.665733337402344
5849,47.415260314941406
7799,50.77492141723633
9749,51.91481018066406
